insert into tournament (id, tournament_mode) values (1, 'Volleyball');

insert into phase (id, type) values (1, 'Phase1');
insert into phase (id, type) values (2, 'Phase2');

-- alle Gruppenphasen
insert into tournament_phase (id, name, tournament_id, type, phase_id) values (1, 'Gruppe A', 1, 'gruppe', 1);
insert into tournament_phase (id, name, tournament_id, type, phase_id) values (2, 'Gruppe B', 1, 'gruppe', 1);
insert into tournament_phase (id, name, tournament_id, type, phase_id) values (3, 'Gruppe C', 1, 'gruppe', 1);
insert into tournament_phase (id, name, tournament_id, type, phase_id) values (4, 'Gruppe D', 1, 'gruppe', 1);
insert into tournament_phase (id, name, tournament_id, type, phase_id) values (5, 'Platzierungsrunde 1 bis 8', 1, 'ko', 2);
insert into tournament_phase (id, name, tournament_id, type, phase_id) values (6, 'Platzierungsrunde 9 bis 12', 1, 'ko', 2);
insert into tournament_phase (id, name, tournament_id, type, phase_id) values (7, 'Platzierungsrunde 13 bis 16', 1, 'ko', 2);
insert into tournament_phase (id, name, tournament_id, type, phase_id) values (8, 'Platzierungsrunde 17 bis 20', 1, 'ko', 2);
insert into tournament_phase (id, name, tournament_id, type, phase_id) values (9, 'Platzierungsrunde 21 bis 24', 1, 'ko', 2);

-- alle Mannschaften
insert into team (id, name, name_short, tournament_id, type) values (1, 'KV Sachsen 2', 'KVS 2', 1, "real");
insert into team (id, name, name_short, tournament_id, type) values (2, 'KV Rheinland-Pfalz 2', 'KVRLP 2', 1, "real");
insert into team (id, name, name_short, tournament_id, type) values (3, 'KV Niedersachsen Verden', 'KVN V', 1, "real");
insert into team (id, name, name_short, tournament_id, type) values (4, 'KV Brandenburg NetzFetz 1', 'KVBB 1', 1, "real");
insert into team (id, name, name_short, tournament_id, type) values (5, 'KV Bayerns Volleybayern', 'KVB 2', 1, "real");
insert into team (id, name, name_short, tournament_id, type) values (6, 'KV Telematik', 'KV Tel', 1, "real");
insert into team (id, name, name_short, tournament_id, type) values (7, 'KV Hamburg 1', 'KVHH 1', 1, "real");
insert into team (id, name, name_short, tournament_id, type) values (8, 'KV Sachsen 3', 'KVS 3', 1, "real");
insert into team (id, name, name_short, tournament_id, type) values (9, 'KV Rheinland-Pfalz 1', 'KVRLP 1', 1, "real");
insert into team (id, name, name_short, tournament_id, type) values (10, 'KV Westfalen-Lippe Netzroller', 'KVWL', 1, "real");
insert into team (id, name, name_short, tournament_id, type) values (11, 'KV Brandenburg NetzFetz 2', 'KVBB 2', 1, "real");
insert into team (id, name, name_short, tournament_id, type) values (12, 'KV Schleswig-Holstein 2', 'KVSH 2', 1, "real");
insert into team (id, name, name_short, tournament_id, type) values (13, 'KV Bayerns Beachies', 'KVB 1', 1, "real");
insert into team (id, name, name_short, tournament_id, type) values (14, 'KV Hessen 2', 'KVH 2', 1, "real");
insert into team (id, name, name_short, tournament_id, type) values (15, 'KV Schleswig-Holstein 1', 'KVSH 1', 1, "real");
insert into team (id, name, name_short, tournament_id, type) values (16, 'KV Saarland', 'KV Saar', 1, "real");
insert into team (id, name, name_short, tournament_id, type) values (17, 'KV Bremen', 'KVHB', 1, "real");
insert into team (id, name, name_short, tournament_id, type) values (18, 'KV Hamburg 2', 'KVHH 2', 1, "real");
insert into team (id, name, name_short, tournament_id, type) values (19, 'KBV Sunblocker', 'KBV', 1, "real");
insert into team (id, name, name_short, tournament_id, type) values (20, 'KV Thüringen', 'KVT', 1, "real");
insert into team (id, name, name_short, tournament_id, type) values (21, 'KV Baden-Württemberg', 'KVBW', 1, "real");
insert into team (id, name, name_short, tournament_id, type) values (22, 'KV Niedersachsen Nordlicht', 'KVN N', 1, "real");
insert into team (id, name, name_short, tournament_id, type) values (23, 'KV Hessen 1', 'KVH 1', 1, "real");
insert into team (id, name, name_short, tournament_id, type) values (24, 'KV Mix (Sachsen und Bayern)', 'KV Mix', 1, "real");
insert into team (id, name, name_short, tournament_id, type) values (25, 'A1', 'A1', 1, "virtual");
insert into team (id, name, name_short, tournament_id, type) values (26, 'A2', 'A2', 1, "virtual");
insert into team (id, name, name_short, tournament_id, type) values (27, 'A3', 'A3', 1, "virtual");
insert into team (id, name, name_short, tournament_id, type) values (28, 'A4', 'A4', 1, "virtual");
insert into team (id, name, name_short, tournament_id, type) values (29, 'A5', 'A5', 1, "virtual");
insert into team (id, name, name_short, tournament_id, type) values (30, 'A6', 'A6', 1, "virtual");
insert into team (id, name, name_short, tournament_id, type) values (31, 'B1', 'B1', 1, "virtual");
insert into team (id, name, name_short, tournament_id, type) values (32, 'B2', 'B2', 1, "virtual");
insert into team (id, name, name_short, tournament_id, type) values (33, 'B3', 'B3', 1, "virtual");
insert into team (id, name, name_short, tournament_id, type) values (34, 'B4', 'B4', 1, "virtual");
insert into team (id, name, name_short, tournament_id, type) values (35, 'B5', 'B5', 1, "virtual");
insert into team (id, name, name_short, tournament_id, type) values (36, 'B6', 'B6', 1, "virtual");
insert into team (id, name, name_short, tournament_id, type) values (37, 'C1', 'C1', 1, "virtual");
insert into team (id, name, name_short, tournament_id, type) values (38, 'C2', 'C2', 1, "virtual");
insert into team (id, name, name_short, tournament_id, type) values (39, 'C3', 'C3', 1, "virtual");
insert into team (id, name, name_short, tournament_id, type) values (40, 'C4', 'C4', 1, "virtual");
insert into team (id, name, name_short, tournament_id, type) values (41, 'C5', 'C5', 1, "virtual");
insert into team (id, name, name_short, tournament_id, type) values (42, 'C6', 'C6', 1, "virtual");
insert into team (id, name, name_short, tournament_id, type) values (43, 'D1', 'D1', 1, "virtual");
insert into team (id, name, name_short, tournament_id, type) values (44, 'D2', 'D2', 1, "virtual");
insert into team (id, name, name_short, tournament_id, type) values (45, 'D3', 'D3', 1, "virtual");
insert into team (id, name, name_short, tournament_id, type) values (46, 'D4', 'D4', 1, "virtual");
insert into team (id, name, name_short, tournament_id, type) values (47, 'D5', 'D5', 1, "virtual");
insert into team (id, name, name_short, tournament_id, type) values (48, 'D6', 'D6', 1, "virtual");

insert into team (id, name, name_short, tournament_id, type) values (49, 'Sieger 61', 'Sieger 61', 1, "virtual");
insert into team (id, name, name_short, tournament_id, type) values (50, 'Verlierer 61', 'Verlierer 61', 1, "virtual");
insert into team (id, name, name_short, tournament_id, type) values (51, 'Sieger 62', 'Sieger 62', 1, "virtual");
insert into team (id, name, name_short, tournament_id, type) values (52, 'Verlierer 62', 'Verlierer 62' ,1, "virtual");
insert into team (id, name, name_short, tournament_id, type) values (53, 'Sieger 63', 'Sieger 63', 1, "virtual");
insert into team (id, name, name_short, tournament_id, type) values (54, 'Verlierer 63', 'Verlierer 63', 1, "virtual");
insert into team (id, name, name_short, tournament_id, type) values (55, 'Sieger 64', 'Sieger 64', 1, "virtual");
insert into team (id, name, name_short, tournament_id, type) values (56, 'Verlierer 64', 'Verlierer 64', 1, "virtual");
insert into team (id, name, name_short, tournament_id, type) values (57, 'Sieger 65', 'Sieger 65', 1, "virtual");
insert into team (id, name, name_short, tournament_id, type) values (58, 'Verlierer 65', 'Verlierer 65', 1, "virtual");
insert into team (id, name, name_short, tournament_id, type) values (59, 'Sieger 66', 'Sieger 66', 1, "virtual");
insert into team (id, name, name_short, tournament_id, type) values (60, 'Verlierer 66', 'Verlierer 66', 1, "virtual");

insert into team (id, name, name_short, tournament_id, type) values (61, 'Sieger 67', 'Sieger 67', 1, "virtual");
insert into team (id, name, name_short, tournament_id, type) values (62, 'Verlierer 67', 'Verlierer 67', 1, "virtual");
insert into team (id, name, name_short, tournament_id, type) values (63, 'Sieger 68', 'Sieger 68', 1, "virtual");
insert into team (id, name, name_short, tournament_id, type) values (64, 'Verlierer 68', 'Verlierer 68', 1, "virtual");
insert into team (id, name, name_short, tournament_id, type) values (65, 'Sieger 69', 'Sieger 69', 1, "virtual");
insert into team (id, name, name_short, tournament_id, type) values (66, 'Verlierer 69', 'Verlierer 69', 1, "virtual");
insert into team (id, name, name_short, tournament_id, type) values (67, 'Sieger 70', 'Sieger 70', 1, "virtual");
insert into team (id, name, name_short, tournament_id, type) values (68, 'Verlierer 70', 'Verlierer 70', 1, "virtual");
insert into team (id, name, name_short, tournament_id, type) values (69, 'Sieger 71', 'Sieger 71', 1, "virtual");
insert into team (id, name, name_short, tournament_id, type) values (70, 'Verlierer 71', 'Verlierer 71', 1, "virtual");
insert into team (id, name, name_short, tournament_id, type) values (71, 'Sieger 72', 'Sieger 72', 1, "virtual");
insert into team (id, name, name_short, tournament_id, type) values (72, 'Verlierer 72', 'Verlierer 72', 1, "virtual");

insert into team (id, name, name_short, tournament_id, type) values (73, 'Sieger 73', 'Sieger 73', 1, "virtual");
insert into team (id, name, name_short, tournament_id, type) values (74, 'Verlierer 73', 'Verlierer 73', 1, "virtual");
insert into team (id, name, name_short, tournament_id, type) values (75, 'Sieger 74', 'Sieger 74', 1, "virtual");
insert into team (id, name, name_short, tournament_id, type) values (76, 'Verlierer 74', 'Verlierer 74', 1, "virtual");
insert into team (id, name, name_short, tournament_id, type) values (77, 'Sieger 76', 'Sieger 76', 1, "virtual");
insert into team (id, name, name_short, tournament_id, type) values (78, 'Verlierer 76', 'Verlierer 76', 1, "virtual");
insert into team (id, name, name_short, tournament_id, type) values (79, 'Sieger 77', 'Sieger 77', 1, "virtual");
insert into team (id, name, name_short, tournament_id, type) values (80, 'Verlierer 77', 'Verlierer 77', 1, "virtual");
--alle initialen Platzierungen
insert into tournament_phase_result (tournament_phase_id, team_id, games_played, points, balls_scored, balls_conceded, rank) values (1, 1, 0, 0, 0, 0, 0);
insert into tournament_phase_result (tournament_phase_id, team_id, games_played, points, balls_scored, balls_conceded, rank) values (1, 2, 0, 0, 0, 0, 0);
insert into tournament_phase_result (tournament_phase_id, team_id, games_played, points, balls_scored, balls_conceded, rank) values (1, 3, 0, 0, 0, 0, 0);
insert into tournament_phase_result (tournament_phase_id, team_id, games_played, points, balls_scored, balls_conceded, rank) values (1, 4, 0, 0, 0, 0, 0);
insert into tournament_phase_result (tournament_phase_id, team_id, games_played, points, balls_scored, balls_conceded, rank) values (1, 5, 0, 0, 0, 0, 0);
insert into tournament_phase_result (tournament_phase_id, team_id, games_played, points, balls_scored, balls_conceded, rank) values (1, 6, 0, 0, 0, 0, 0);

insert into tournament_phase_result (tournament_phase_id, team_id, games_played, points, balls_scored, balls_conceded, rank) values (2, 7, 0, 0, 0, 0, 0);
insert into tournament_phase_result (tournament_phase_id, team_id, games_played, points, balls_scored, balls_conceded, rank) values (2, 8, 0, 0, 0, 0, 0);
insert into tournament_phase_result (tournament_phase_id, team_id, games_played, points, balls_scored, balls_conceded, rank) values (2, 9, 0, 0, 0, 0, 0);
insert into tournament_phase_result (tournament_phase_id, team_id, games_played, points, balls_scored, balls_conceded, rank) values (2, 10, 0, 0, 0, 0, 0);
insert into tournament_phase_result (tournament_phase_id, team_id, games_played, points, balls_scored, balls_conceded, rank) values (2, 11, 0, 0, 0, 0, 0);
insert into tournament_phase_result (tournament_phase_id, team_id, games_played, points, balls_scored, balls_conceded, rank) values (2, 12, 0, 0, 0, 0, 0);

insert into tournament_phase_result (tournament_phase_id, team_id, games_played, points, balls_scored, balls_conceded, rank) values (3, 13, 0, 0, 0, 0, 0);
insert into tournament_phase_result (tournament_phase_id, team_id, games_played, points, balls_scored, balls_conceded, rank) values (3, 14, 0, 0, 0, 0, 0);
insert into tournament_phase_result (tournament_phase_id, team_id, games_played, points, balls_scored, balls_conceded, rank) values (3, 15, 0, 0, 0, 0, 0);
insert into tournament_phase_result (tournament_phase_id, team_id, games_played, points, balls_scored, balls_conceded, rank) values (3, 16, 0, 0, 0, 0, 0);
insert into tournament_phase_result (tournament_phase_id, team_id, games_played, points, balls_scored, balls_conceded, rank) values (3, 17, 0, 0, 0, 0, 0);
insert into tournament_phase_result (tournament_phase_id, team_id, games_played, points, balls_scored, balls_conceded, rank) values (3, 18, 0, 0, 0, 0, 0);

insert into tournament_phase_result (tournament_phase_id, team_id, games_played, points, balls_scored, balls_conceded, rank) values (4, 19, 0, 0, 0, 0, 0);
insert into tournament_phase_result (tournament_phase_id, team_id, games_played, points, balls_scored, balls_conceded, rank) values (4, 20, 0, 0, 0, 0, 0);
insert into tournament_phase_result (tournament_phase_id, team_id, games_played, points, balls_scored, balls_conceded, rank) values (4, 21, 0, 0, 0, 0, 0);
insert into tournament_phase_result (tournament_phase_id, team_id, games_played, points, balls_scored, balls_conceded, rank) values (4, 22, 0, 0, 0, 0, 0);
insert into tournament_phase_result (tournament_phase_id, team_id, games_played, points, balls_scored, balls_conceded, rank) values (4, 23, 0, 0, 0, 0, 0);
insert into tournament_phase_result (tournament_phase_id, team_id, games_played, points, balls_scored, balls_conceded, rank) values (4, 24, 0, 0, 0, 0, 0);

--alle Spiele
insert into match (id, tournament_phase_id, teamA, teamB, match_time, field) values(1, 1, 1, 2, '09:00', 'Feld 1');
insert into match (id, tournament_phase_id, teamA, teamB, match_time, field) values(2, 1, 3, 4, '09:00', 'Feld 2');
insert into match (id, tournament_phase_id, teamA, teamB, match_time, field) values(3, 1, 5, 6, '09:00', 'Feld 3');
insert into match (id, tournament_phase_id, teamA, teamB, match_time, field) values(4, 2, 7, 8, '09:15', 'Feld 1');
insert into match (id, tournament_phase_id, teamA, teamB, match_time, field) values(5, 2, 9, 10, '09:15', 'Feld 2');
insert into match (id, tournament_phase_id, teamA, teamB, match_time, field) values(6, 2, 11, 12, '09:15', 'Feld 3');
insert into match (id, tournament_phase_id, teamA, teamB, match_time, field) values(7, 3, 13, 14, '09:30', 'Feld 1');
insert into match (id, tournament_phase_id, teamA, teamB, match_time, field) values(8, 3, 15, 16, '09:30', 'Feld 2');
insert into match (id, tournament_phase_id, teamA, teamB, match_time, field) values(9, 3, 17, 18, '09:30', 'Feld 3');
insert into match (id, tournament_phase_id, teamA, teamB, match_time, field) values(10, 4, 19, 20, '09:45', 'Feld 1');
insert into match (id, tournament_phase_id, teamA, teamB, match_time, field) values(11, 4, 21, 22, '09:45', 'Feld 2');
insert into match (id, tournament_phase_id, teamA, teamB, match_time, field) values(12, 4, 23, 24, '09:45', 'Feld 3');
insert into match (id, tournament_phase_id, teamA, teamB, match_time, field) values(13, 1, 1, 4, '10:00', 'Feld 1');
insert into match (id, tournament_phase_id, teamA, teamB, match_time, field) values(14, 1, 2, 5, '10:00', 'Feld 2');
insert into match (id, tournament_phase_id, teamA, teamB, match_time, field) values(15, 1, 3, 6, '10:00', 'Feld 3');
insert into match (id, tournament_phase_id, teamA, teamB, match_time, field) values(16, 2, 7, 10, '10:15', 'Feld 1');
insert into match (id, tournament_phase_id, teamA, teamB, match_time, field) values(17, 2, 8, 11, '10:15', 'Feld 2');
insert into match (id, tournament_phase_id, teamA, teamB, match_time, field) values(18, 2, 9, 12, '10:15', 'Feld 3');
insert into match (id, tournament_phase_id, teamA, teamB, match_time, field) values(19, 3, 13, 16, '10:30', 'Feld 1');
insert into match (id, tournament_phase_id, teamA, teamB, match_time, field) values(20, 3, 14, 17, '10:30', 'Feld 2');
insert into match (id, tournament_phase_id, teamA, teamB, match_time, field) values(21, 3, 15, 18, '10:30', 'Feld 3');
insert into match (id, tournament_phase_id, teamA, teamB, match_time, field) values(22, 4, 19, 22, '10:45', 'Feld 1');
insert into match (id, tournament_phase_id, teamA, teamB, match_time, field) values(23, 4, 20, 23, '10:45', 'Feld 2');
insert into match (id, tournament_phase_id, teamA, teamB, match_time, field) values(24, 4, 21, 24, '10:45', 'Feld 3');
insert into match (id, tournament_phase_id, teamA, teamB, match_time, field) values(25, 1, 1, 3, '11:00', 'Feld 1');
insert into match (id, tournament_phase_id, teamA, teamB, match_time, field) values(26, 1, 2, 6, '11:00', 'Feld 2');
insert into match (id, tournament_phase_id, teamA, teamB, match_time, field) values(27, 1, 4, 5, '11:00', 'Feld 3');
insert into match (id, tournament_phase_id, teamA, teamB, match_time, field) values(28, 2, 7, 9, '11:15', 'Feld 1');
insert into match (id, tournament_phase_id, teamA, teamB, match_time, field) values(29, 2, 8, 12, '11:15', 'Feld 2');
insert into match (id, tournament_phase_id, teamA, teamB, match_time, field) values(30, 2, 10, 11, '11:15', 'Feld 3');
insert into match (id, tournament_phase_id, teamA, teamB, match_time, field) values(31, 3, 13, 15, '11:30', 'Feld 1');
insert into match (id, tournament_phase_id, teamA, teamB, match_time, field) values(32, 3, 14, 18, '11:30', 'Feld 2');
insert into match (id, tournament_phase_id, teamA, teamB, match_time, field) values(33, 3, 16, 17, '11:30', 'Feld 3');
insert into match (id, tournament_phase_id, teamA, teamB, match_time, field) values(34, 4, 19, 21, '11:45', 'Feld 1');
insert into match (id, tournament_phase_id, teamA, teamB, match_time, field) values(35, 4, 20, 24, '11:45', 'Feld 2');
insert into match (id, tournament_phase_id, teamA, teamB, match_time, field) values(36, 4, 22, 23, '11:45', 'Feld 3');
insert into match (id, tournament_phase_id, teamA, teamB, match_time, field) values(37, 1, 1, 5, '12:00', 'Feld 1');
insert into match (id, tournament_phase_id, teamA, teamB, match_time, field) values(38, 1, 2, 3, '12:00', 'Feld 2');
insert into match (id, tournament_phase_id, teamA, teamB, match_time, field) values(39, 1, 4, 6, '12:00', 'Feld 3');
insert into match (id, tournament_phase_id, teamA, teamB, match_time, field) values(40, 2, 7, 11, '12:15', 'Feld 1');
insert into match (id, tournament_phase_id, teamA, teamB, match_time, field) values(41, 2, 8, 9, '12:15', 'Feld 2');
insert into match (id, tournament_phase_id, teamA, teamB, match_time, field) values(42, 2, 10, 12, '12:15', 'Feld 3');
insert into match (id, tournament_phase_id, teamA, teamB, match_time, field) values(43, 3, 13, 17, '12:30', 'Feld 1');
insert into match (id, tournament_phase_id, teamA, teamB, match_time, field) values(44, 3, 14, 15, '12:30', 'Feld 2');
insert into match (id, tournament_phase_id, teamA, teamB, match_time, field) values(45, 3, 16, 18, '12:30', 'Feld 3');
insert into match (id, tournament_phase_id, teamA, teamB, match_time, field) values(46, 4, 19, 23, '12:45', 'Feld 1');
insert into match (id, tournament_phase_id, teamA, teamB, match_time, field) values(47, 4, 20, 21, '12:45', 'Feld 2');
insert into match (id, tournament_phase_id, teamA, teamB, match_time, field) values(48, 4, 22, 24, '12:45', 'Feld 3');
insert into match (id, tournament_phase_id, teamA, teamB, match_time, field) values(49, 1, 1, 6, '13:00', 'Feld 1');
insert into match (id, tournament_phase_id, teamA, teamB, match_time, field) values(50, 1, 2, 4, '13:00', 'Feld 2');
insert into match (id, tournament_phase_id, teamA, teamB, match_time, field) values(51, 1, 3, 5, '13:00', 'Feld 3');
insert into match (id, tournament_phase_id, teamA, teamB, match_time, field) values(52, 2, 7, 12, '13:15', 'Feld 1');
insert into match (id, tournament_phase_id, teamA, teamB, match_time, field) values(53, 2, 8, 10, '13:15', 'Feld 2');
insert into match (id, tournament_phase_id, teamA, teamB, match_time, field) values(54, 2, 9, 11, '13:15', 'Feld 3');
insert into match (id, tournament_phase_id, teamA, teamB, match_time, field) values(55, 3, 13, 18, '13:30', 'Feld 1');
insert into match (id, tournament_phase_id, teamA, teamB, match_time, field) values(56, 3, 14, 16, '13:30', 'Feld 2');
insert into match (id, tournament_phase_id, teamA, teamB, match_time, field) values(57, 3, 15, 17, '13:30', 'Feld 3');
insert into match (id, tournament_phase_id, teamA, teamB, match_time, field) values(58, 4, 19, 24, '13:45', 'Feld 1');
insert into match (id, tournament_phase_id, teamA, teamB, match_time, field) values(59, 4, 20, 22, '13:45', 'Feld 2');
insert into match (id, tournament_phase_id, teamA, teamB, match_time, field) values(60, 4, 21, 23, '13:45', 'Feld 3');
insert into match (id, tournament_phase_id, teamA, teamB, match_time, field, winner_match_id, loser_match_id, match_pos) values(61, 5, 25, 32, '14:15', 'Feld 1', 73, 74, 'A');
insert into match (id, tournament_phase_id, teamA, teamB, match_time, field, winner_match_id, loser_match_id, match_pos) values(62, 5, 26, 31, '14:15', 'Feld 2', 73, 74, 'B');
insert into match (id, tournament_phase_id, teamA, teamB, match_time, field, winner_match_id, loser_match_id, match_pos) values(63, 9, 30, 36, '14:15', 'Feld 3', 78, 75, 'A');
insert into match (id, tournament_phase_id, teamA, teamB, match_time, field, winner_match_id, loser_match_id, match_pos) values(64, 5, 37, 44, '14:30', 'Feld 1', 76, 77, 'A');
insert into match (id, tournament_phase_id, teamA, teamB, match_time, field, winner_match_id, loser_match_id, match_pos) values(65, 5, 38, 43, '14:30', 'Feld 2', 76, 77, 'B');
insert into match (id, tournament_phase_id, teamA, teamB, match_time, field, winner_match_id, loser_match_id, match_pos) values(66, 9, 42, 48, '14:30', 'Feld 3', 78, 75, 'B');
insert into match (id, tournament_phase_id, teamA, teamB, match_time, field, winner_match_id, loser_match_id, match_pos) values(67, 6, 27, 33, '14:45', 'Feld 1', 82, 83, 'A');
insert into match (id, tournament_phase_id, teamA, teamB, match_time, field, winner_match_id, loser_match_id, match_pos) values(68, 7, 28, 34, '14:45', 'Feld 2', 84, 79, 'A');
insert into match (id, tournament_phase_id, teamA, teamB, match_time, field, winner_match_id, loser_match_id, match_pos) values(69, 8, 29, 35, '14:45', 'Feld 3', 80, 81, 'A');
insert into match (id, tournament_phase_id, teamA, teamB, match_time, field, winner_match_id, loser_match_id, match_pos) values(70, 6, 39, 45, '15:00', 'Feld 1', 82, 83, 'B');
insert into match (id, tournament_phase_id, teamA, teamB, match_time, field, winner_match_id, loser_match_id, match_pos) values(71, 7, 40, 46, '15:00', 'Feld 2', 84, 79, 'B');
insert into match (id, tournament_phase_id, teamA, teamB, match_time, field, winner_match_id, loser_match_id, match_pos) values(72, 8, 41, 47, '15:00', 'Feld 3', 80, 81, 'B');
insert into match (id, tournament_phase_id, teamA, teamB, match_time, field, winner_match_id, loser_match_id, match_pos, label) values(73, 5, 49, 51, '15:15', 'Feld 1', 88, 85, 'A', 'HF 1');
insert into match (id, tournament_phase_id, teamA, teamB, match_time, field, winner_match_id, loser_match_id, match_pos, label) values(74, 5, 50, 52, '15:15', 'Feld 2', 86, 87, 'A', 'kl. HF 1');
insert into match (id, tournament_phase_id, teamA, teamB, match_time, field, label) values(75, 9, 54, 60, '15:15', 'Feld 3', 'Platz 23');
insert into match (id, tournament_phase_id, teamA, teamB, match_time, field, winner_match_id, loser_match_id, match_pos, label) values(76, 5, 55, 57, '15:30', 'Feld 1', 88, 85, 'B', 'HF 2');
insert into match (id, tournament_phase_id, teamA, teamB, match_time, field, winner_match_id, loser_match_id, match_pos, label) values(77, 5, 56, 58, '15:30', 'Feld 2', 86, 87, 'B', 'kl. HF 2');
insert into match (id, tournament_phase_id, teamA, teamB, match_time, field, label) values(78, 9, 53, 59, '15:30', 'Feld 3', 'Platz 21');
insert into match (id, tournament_phase_id, teamA, teamB, match_time, field, label) values(79, 7, 64, 70, '15:45', 'Feld 1', 'Platz 15');
insert into match (id, tournament_phase_id, teamA, teamB, match_time, field, label) values(80, 8, 65, 71, '15:45', 'Feld 2', 'Platz 17');
insert into match (id, tournament_phase_id, teamA, teamB, match_time, field, label) values(81, 8, 66, 72, '15:45', 'Feld 3', 'Platz 19');
insert into match (id, tournament_phase_id, teamA, teamB, match_time, field, label) values(82, 6, 61, 67, '16:00', 'Feld 1', 'Platz 9');
insert into match (id, tournament_phase_id, teamA, teamB, match_time, field, label) values(83, 6, 62, 68, '16:00', 'Feld 2', 'Platz 11');
insert into match (id, tournament_phase_id, teamA, teamB, match_time, field, label) values(84, 7, 63, 69, '16:00', 'Feld 3', 'Platz 13');
insert into match (id, tournament_phase_id, teamA, teamB, match_time, field, label) values(85, 5, 74, 78, '16:15', 'Feld 1', 'Platz 3');
insert into match (id, tournament_phase_id, teamA, teamB, match_time, field, label) values(86, 5, 75, 79, '16:15', 'Feld 2', 'Platz 5');
insert into match (id, tournament_phase_id, teamA, teamB, match_time, field, label) values(87, 5, 76, 80, '16:15', 'Feld 3', 'Platz 7');
insert into match (id, tournament_phase_id, teamA, teamB, match_time, field, label) values(88, 5, 73, 77, '16:30', 'Feld 1', 'Finale');

--Regelung wer in den Gruppen in welchem nächsten Spiel landet
insert into tournament_phase_conclusion (tournament_phase_id, position, next_match_id, match_pos) values (1, 1, 61, 'A');
insert into tournament_phase_conclusion (tournament_phase_id, position, next_match_id, match_pos) values (1, 2, 62, 'A');
insert into tournament_phase_conclusion (tournament_phase_id, position, next_match_id, match_pos) values (1, 3, 67, 'A');
insert into tournament_phase_conclusion (tournament_phase_id, position, next_match_id, match_pos) values (1, 4, 68, 'A');
insert into tournament_phase_conclusion (tournament_phase_id, position, next_match_id, match_pos) values (1, 5, 69, 'A');
insert into tournament_phase_conclusion (tournament_phase_id, position, next_match_id, match_pos) values (1, 6, 63, 'A');
insert into tournament_phase_conclusion (tournament_phase_id, position, next_match_id, match_pos) values (2, 1, 62, 'B');
insert into tournament_phase_conclusion (tournament_phase_id, position, next_match_id, match_pos) values (2, 2, 61, 'B');
insert into tournament_phase_conclusion (tournament_phase_id, position, next_match_id, match_pos) values (2, 3, 67, 'B');
insert into tournament_phase_conclusion (tournament_phase_id, position, next_match_id, match_pos) values (2, 4, 68, 'B');
insert into tournament_phase_conclusion (tournament_phase_id, position, next_match_id, match_pos) values (2, 5, 69, 'B');
insert into tournament_phase_conclusion (tournament_phase_id, position, next_match_id, match_pos) values (2, 6, 63, 'B');
insert into tournament_phase_conclusion (tournament_phase_id, position, next_match_id, match_pos) values (3, 1, 64, 'A');
insert into tournament_phase_conclusion (tournament_phase_id, position, next_match_id, match_pos) values (3, 2, 65, 'A');
insert into tournament_phase_conclusion (tournament_phase_id, position, next_match_id, match_pos) values (3, 3, 70, 'A');
insert into tournament_phase_conclusion (tournament_phase_id, position, next_match_id, match_pos) values (3, 4, 71, 'A');
insert into tournament_phase_conclusion (tournament_phase_id, position, next_match_id, match_pos) values (3, 5, 72, 'A');
insert into tournament_phase_conclusion (tournament_phase_id, position, next_match_id, match_pos) values (3, 6, 66, 'A');
insert into tournament_phase_conclusion (tournament_phase_id, position, next_match_id, match_pos) values (4, 1, 65, 'B');
insert into tournament_phase_conclusion (tournament_phase_id, position, next_match_id, match_pos) values (4, 2, 64, 'B');
insert into tournament_phase_conclusion (tournament_phase_id, position, next_match_id, match_pos) values (4, 3, 70, 'B');
insert into tournament_phase_conclusion (tournament_phase_id, position, next_match_id, match_pos) values (4, 4, 71, 'B');
insert into tournament_phase_conclusion (tournament_phase_id, position, next_match_id, match_pos) values (4, 5, 72, 'B');
insert into tournament_phase_conclusion (tournament_phase_id, position, next_match_id, match_pos) values (4, 6, 66, 'B');
